[{"model": "admin.logentry", "pk": 1, "fields": {"action_time": "2024-08-23T14:51:59.937Z", "user": 1, "content_type": 4, "object_id": "2", "object_repr": "Omar_Haji", "action_flag": 1, "change_message": "[{\"added\": {}}]"}}, {"model": "admin.logentry", "pk": 2, "fields": {"action_time": "2024-08-23T14:52:06.372Z", "user": 1, "content_type": 4, "object_id": "3", "object_repr": "Abdallah_Yahya", "action_flag": 1, "change_message": "[{\"added\": {}}]"}}, {"model": "admin.logentry", "pk": 3, "fields": {"action_time": "2024-08-23T14:52:12.507Z", "user": 1, "content_type": 4, "object_id": "4", "object_repr": "Ahmad_Tamim", "action_flag": 1, "change_message": "[{\"added\": {}}]"}}, {"model": "admin.logentry", "pk": 4, "fields": {"action_time": "2024-08-23T14:52:34.537Z", "user": 1, "content_type": 14, "object_id": "3", "object_repr": "Abdallah_Yahya - Instructor", "action_flag": 2, "change_message": "[{\"changed\": {\"fields\": [\"Role\", \"Address line1\", \"Address line2\"]}}]"}}, {"model": "admin.logentry", "pk": 5, "fields": {"action_time": "2024-08-23T14:52:40.187Z", "user": 1, "content_type": 14, "object_id": "2", "object_repr": "Omar_Haji - Instructor", "action_flag": 2, "change_message": "[{\"changed\": {\"fields\": [\"Role\", \"Address line1\", \"Address line2\"]}}]"}}, {"model": "admin.logentry", "pk": 6, "fields": {"action_time": "2024-08-23T14:54:07.780Z", "user": 1, "content_type": 7, "object_id": "1", "object_repr": "Games_Unity", "action_flag": 1, "change_message": "[{\"added\": {}}]"}}, {"model": "admin.logentry", "pk": 7, "fields": {"action_time": "2024-08-23T14:59:00.592Z", "user": 1, "content_type": 16, "object_id": "1", "object_repr": "unity quiz", "action_flag": 3, "change_message": ""}}, {"model": "admin.logentry", "pk": 8, "fields": {"action_time": "2024-08-24T12:01:31.446Z", "user": 1, "content_type": 16, "object_id": "2", "object_repr": "unity quiz", "action_flag": 3, "change_message": ""}}, {"model": "admin.logentry", "pk": 9, "fields": {"action_time": "2024-08-24T12:02:48.141Z", "user": 1, "content_type": 16, "object_id": "3", "object_repr": "unity quiz", "action_flag": 3, "change_message": ""}}, {"model": "admin.logentry", "pk": 10, "fields": {"action_time": "2024-08-24T12:12:37.316Z", "user": 1, "content_type": 16, "object_id": "4", "object_repr": "unity quiz", "action_flag": 3, "change_message": ""}}, {"model": "admin.logentry", "pk": 11, "fields": {"action_time": "2024-08-24T14:20:15.197Z", "user": 1, "content_type": 16, "object_id": "13", "object_repr": "unity final quiz", "action_flag": 3, "change_message": ""}}, {"model": "admin.logentry", "pk": 12, "fields": {"action_time": "2024-08-24T16:41:41.191Z", "user": 1, "content_type": 16, "object_id": "15", "object_repr": "unity final quiz", "action_flag": 3, "change_message": ""}}, {"model": "admin.logentry", "pk": 13, "fields": {"action_time": "2024-08-24T16:48:52.691Z", "user": 1, "content_type": 16, "object_id": "16", "object_repr": "unity final quiz", "action_flag": 3, "change_message": ""}}, {"model": "admin.logentry", "pk": 14, "fields": {"action_time": "2024-08-24T16:53:53.427Z", "user": 1, "content_type": 16, "object_id": "17", "object_repr": "unity quiz", "action_flag": 3, "change_message": ""}}, {"model": "admin.logentry", "pk": 15, "fields": {"action_time": "2024-08-24T16:57:04.912Z", "user": 1, "content_type": 16, "object_id": "18", "object_repr": "Unity Final Quiz", "action_flag": 3, "change_message": ""}}, {"model": "admin.logentry", "pk": 16, "fields": {"action_time": "2024-08-24T19:50:24.417Z", "user": 1, "content_type": 16, "object_id": "19", "object_repr": "unity final quiz", "action_flag": 3, "change_message": ""}}, {"model": "admin.logentry", "pk": 17, "fields": {"action_time": "2024-08-24T20:08:51.524Z", "user": 1, "content_type": 4, "object_id": "5", "object_repr": "Ibraheem_Yahya", "action_flag": 1, "change_message": "[{\"added\": {}}]"}}, {"model": "admin.logentry", "pk": 18, "fields": {"action_time": "2024-08-24T21:00:06.361Z", "user": 1, "content_type": 16, "object_id": "22", "object_repr": "Unity final quiz", "action_flag": 2, "change_message": "[{\"changed\": {\"fields\": [\"Success threshold\"]}}]"}}, {"model": "admin.logentry", "pk": 19, "fields": {"action_time": "2024-08-24T21:22:37.022Z", "user": 1, "content_type": 16, "object_id": "22", "object_repr": "Unity final quiz", "action_flag": 2, "change_message": "[{\"changed\": {\"fields\": [\"Duration minutes\"]}}]"}}, {"model": "admin.logentry", "pk": 20, "fields": {"action_time": "2024-08-24T21:41:00.652Z", "user": 1, "content_type": 16, "object_id": "22", "object_repr": "Unity final quiz", "action_flag": 3, "change_message": ""}}, {"model": "admin.logentry", "pk": 21, "fields": {"action_time": "2024-08-24T21:54:27.204Z", "user": 1, "content_type": 19, "object_id": "10", "object_repr": "Ahmad_Tamim - unity quiz (2024-08-24 21:53:00.591598+00:00)", "action_flag": 3, "change_message": ""}}, {"model": "admin.logentry", "pk": 22, "fields": {"action_time": "2024-08-24T22:10:25.164Z", "user": 1, "content_type": 19, "object_id": "11", "object_repr": "Ahmad_Tamim - unity quiz (2024-08-24 22:02:26.656996+00:00)", "action_flag": 3, "change_message": ""}}, {"model": "admin.logentry", "pk": 23, "fields": {"action_time": "2024-08-24T22:19:03.196Z", "user": 1, "content_type": 19, "object_id": "12", "object_repr": "Ahmad_Tamim - unity quiz (2024-08-24 22:16:12.840552+00:00)", "action_flag": 3, "change_message": ""}}, {"model": "admin.logentry", "pk": 24, "fields": {"action_time": "2024-08-24T22:23:10.303Z", "user": 1, "content_type": 19, "object_id": "13", "object_repr": "Ahmad_Tamim - unity quiz (2024-08-24 22:19:15.327308+00:00)", "action_flag": 3, "change_message": ""}}, {"model": "admin.logentry", "pk": 25, "fields": {"action_time": "2024-08-24T22:25:31.710Z", "user": 1, "content_type": 19, "object_id": "14", "object_repr": "Ahmad_Tamim - unity quiz (2024-08-24 22:23:25.542347+00:00)", "action_flag": 3, "change_message": ""}}, {"model": "admin.logentry", "pk": 26, "fields": {"action_time": "2024-08-24T22:33:08.315Z", "user": 1, "content_type": 19, "object_id": "15", "object_repr": "Ahmad_Tamim - unity quiz (2024-08-24 22:28:11.765813+00:00)", "action_flag": 3, "change_message": ""}}, {"model": "admin.logentry", "pk": 27, "fields": {"action_time": "2024-08-24T22:33:38.976Z", "user": 1, "content_type": 19, "object_id": "9", "object_repr": "Ibraheem_Yahya - Django final quiz (2024-08-24 20:15:31.799872+00:00)", "action_flag": 2, "change_message": "[{\"changed\": {\"fields\": [\"Status\"]}}]"}}, {"model": "admin.logentry", "pk": 28, "fields": {"action_time": "2024-08-24T22:33:43.421Z", "user": 1, "content_type": 19, "object_id": "8", "object_repr": "Ahmad_Tamim - Django final quiz (2024-08-24 20:15:27.765232+00:00)", "action_flag": 2, "change_message": "[{\"changed\": {\"fields\": [\"Status\"]}}]"}}, {"model": "admin.logentry", "pk": 29, "fields": {"action_time": "2024-08-24T22:38:27.433Z", "user": 1, "content_type": 19, "object_id": "9", "object_repr": "Ibraheem_Yahya - Django final quiz (2024-08-24 20:15:31.799872+00:00)", "action_flag": 3, "change_message": ""}}, {"model": "admin.logentry", "pk": 30, "fields": {"action_time": "2024-08-24T23:40:03.504Z", "user": 1, "content_type": 19, "object_id": "17", "object_repr": "Ibraheem_Yahya - Django final quiz (2024-08-24 22:38:41.144423+00:00)", "action_flag": 3, "change_message": ""}}, {"model": "admin.logentry", "pk": 31, "fields": {"action_time": "2024-08-24T23:58:41.423Z", "user": 1, "content_type": 16, "object_id": "20", "object_repr": "Django final quiz", "action_flag": 3, "change_message": ""}}, {"model": "admin.logentry", "pk": 32, "fields": {"action_time": "2024-08-25T00:23:12.008Z", "user": 1, "content_type": 10, "object_id": "12", "object_repr": "Intro", "action_flag": 2, "change_message": "[{\"changed\": {\"fields\": [\"Tags\"]}}]"}}, {"model": "admin.logentry", "pk": 33, "fields": {"action_time": "2024-08-25T00:24:01.195Z", "user": 1, "content_type": 10, "object_id": "12", "object_repr": "Intro", "action_flag": 2, "change_message": "[{\"changed\": {\"fields\": [\"Cover image\"]}}]"}}, {"model": "admin.logentry", "pk": 34, "fields": {"action_time": "2024-08-25T00:24:04.974Z", "user": 1, "content_type": 10, "object_id": "12", "object_repr": "Intro", "action_flag": 2, "change_message": "[]"}}, {"model": "admin.logentry", "pk": 35, "fields": {"action_time": "2024-08-28T14:15:54.587Z", "user": 1, "content_type": 19, "object_id": "21", "object_repr": "Ibraheem_Yahya - unity quiz (2024-08-26 22:15:45.301972+00:00)", "action_flag": 3, "change_message": ""}}, {"model": "admin.logentry", "pk": 36, "fields": {"action_time": "2024-08-30T00:18:45.929Z", "user": 1, "content_type": 4, "object_id": "4", "object_repr": "Ahmad_Tamim", "action_flag": 2, "change_message": "[{\"changed\": {\"fields\": [\"First name\"]}}]"}}, {"model": "admin.logentry", "pk": 37, "fields": {"action_time": "2024-08-30T00:18:55.869Z", "user": 1, "content_type": 4, "object_id": "4", "object_repr": "Ahmad_Tamim", "action_flag": 2, "change_message": "[{\"changed\": {\"fields\": [\"Last name\"]}}]"}}, {"model": "admin.logentry", "pk": 38, "fields": {"action_time": "2024-08-30T15:45:35.718Z", "user": 1, "content_type": 4, "object_id": "5", "object_repr": "Ibraheem_Yahya", "action_flag": 2, "change_message": "[{\"changed\": {\"fields\": [\"First name\", \"Last name\"]}}]"}}, {"model": "admin.logentry", "pk": 39, "fields": {"action_time": "2024-09-05T14:25:04.683Z", "user": 1, "content_type": 4, "object_id": "7", "object_repr": "Student", "action_flag": 1, "change_message": "[{\"added\": {}}]"}}, {"model": "admin.logentry", "pk": 40, "fields": {"action_time": "2024-09-05T14:26:09.099Z", "user": 1, "content_type": 10, "object_id": "13", "object_repr": "Multi Agent System", "action_flag": 2, "change_message": "[{\"changed\": {\"fields\": [\"Name\"]}}]"}}, {"model": "admin.logentry", "pk": 41, "fields": {"action_time": "2024-09-05T14:44:53.431Z", "user": 1, "content_type": 7, "object_id": "3", "object_repr": "Mental Health", "action_flag": 1, "change_message": "[{\"added\": {}}]"}}, {"model": "admin.logentry", "pk": 42, "fields": {"action_time": "2024-09-05T14:45:30.801Z", "user": 1, "content_type": 9, "object_id": "6", "object_repr": "Psychology", "action_flag": 1, "change_message": "[{\"added\": {}}]"}}, {"model": "admin.logentry", "pk": 43, "fields": {"action_time": "2024-09-05T14:45:56.137Z", "user": 1, "content_type": 9, "object_id": "7", "object_repr": "Mental Health", "action_flag": 1, "change_message": "[{\"added\": {}}]"}}, {"model": "admin.logentry", "pk": 44, "fields": {"action_time": "2024-09-05T14:46:07.467Z", "user": 1, "content_type": 9, "object_id": "8", "object_repr": "Music", "action_flag": 1, "change_message": "[{\"added\": {}}]"}}, {"model": "admin.logentry", "pk": 45, "fields": {"action_time": "2024-09-05T14:46:13.758Z", "user": 1, "content_type": 9, "object_id": "9", "object_repr": "Guitar", "action_flag": 1, "change_message": "[{\"added\": {}}]"}}, {"model": "admin.logentry", "pk": 46, "fields": {"action_time": "2024-09-05T14:46:22.185Z", "user": 1, "content_type": 9, "object_id": "10", "object_repr": "Yoga", "action_flag": 1, "change_message": "[{\"added\": {}}]"}}, {"model": "admin.logentry", "pk": 47, "fields": {"action_time": "2024-09-05T14:46:43.710Z", "user": 1, "content_type": 9, "object_id": "11", "object_repr": "Mental health sport", "action_flag": 1, "change_message": "[{\"added\": {}}]"}}, {"model": "admin.logentry", "pk": 48, "fields": {"action_time": "2024-09-05T14:47:32.866Z", "user": 1, "content_type": 10, "object_id": "14", "object_repr": "Music for beginners", "action_flag": 1, "change_message": "[{\"added\": {}}]"}}, {"model": "admin.logentry", "pk": 49, "fields": {"action_time": "2024-09-05T14:48:07.604Z", "user": 1, "content_type": 10, "object_id": "11", "object_repr": "Mern Stack", "action_flag": 3, "change_message": ""}}, {"model": "admin.logentry", "pk": 50, "fields": {"action_time": "2024-09-05T14:48:07.608Z", "user": 1, "content_type": 10, "object_id": "10", "object_repr": "Angular", "action_flag": 3, "change_message": ""}}, {"model": "admin.logentry", "pk": 51, "fields": {"action_time": "2024-09-05T14:48:07.609Z", "user": 1, "content_type": 10, "object_id": "9", "object_repr": "Spring", "action_flag": 3, "change_message": ""}}, {"model": "admin.logentry", "pk": 52, "fields": {"action_time": "2024-09-05T14:48:07.609Z", "user": 1, "content_type": 10, "object_id": "8", "object_repr": "Bootstrap", "action_flag": 3, "change_message": ""}}, {"model": "admin.logentry", "pk": 53, "fields": {"action_time": "2024-09-05T14:48:07.610Z", "user": 1, "content_type": 10, "object_id": "7", "object_repr": "Flutter", "action_flag": 3, "change_message": ""}}, {"model": "admin.logentry", "pk": 54, "fields": {"action_time": "2024-09-05T14:48:07.611Z", "user": 1, "content_type": 10, "object_id": "6", "object_repr": "react", "action_flag": 3, "change_message": ""}}, {"model": "admin.logentry", "pk": 55, "fields": {"action_time": "2024-09-05T14:48:07.612Z", "user": 1, "content_type": 10, "object_id": "5", "object_repr": "nuxt", "action_flag": 3, "change_message": ""}}, {"model": "admin.logentry", "pk": 56, "fields": {"action_time": "2024-09-05T14:48:07.612Z", "user": 1, "content_type": 10, "object_id": "4", "object_repr": "laravel", "action_flag": 3, "change_message": ""}}, {"model": "admin.logentry", "pk": 57, "fields": {"action_time": "2024-09-05T14:48:07.613Z", "user": 1, "content_type": 10, "object_id": "3", "object_repr": "asp", "action_flag": 3, "change_message": ""}}, {"model": "admin.logentry", "pk": 58, "fields": {"action_time": "2024-09-05T14:48:07.614Z", "user": 1, "content_type": 10, "object_id": "2", "object_repr": "Django", "action_flag": 3, "change_message": ""}}, {"model": "admin.logentry", "pk": 59, "fields": {"action_time": "2024-09-05T14:48:07.614Z", "user": 1, "content_type": 10, "object_id": "1", "object_repr": "Unity Game Engine", "action_flag": 3, "change_message": ""}}, {"model": "admin.logentry", "pk": 60, "fields": {"action_time": "2024-09-05T14:48:19.179Z", "user": 1, "content_type": 10, "object_id": "12", "object_repr": "Introduction to programming", "action_flag": 2, "change_message": "[{\"changed\": {\"fields\": [\"Name\"]}}]"}}, {"model": "admin.logentry", "pk": 61, "fields": {"action_time": "2024-09-05T14:48:32.482Z", "user": 1, "content_type": 10, "object_id": "13", "object_repr": "Multi Agent System", "action_flag": 3, "change_message": ""}}, {"model": "admin.logentry", "pk": 62, "fields": {"action_time": "2024-09-05T14:49:15.654Z", "user": 1, "content_type": 7, "object_id": "1", "object_repr": "Games_Unity", "action_flag": 3, "change_message": ""}}, {"model": "admin.logentry", "pk": 63, "fields": {"action_time": "2024-09-05T14:53:57.340Z", "user": 1, "content_type": 10, "object_id": "15", "object_repr": "Yoga", "action_flag": 1, "change_message": "[{\"added\": {}}]"}}, {"model": "admin.logentry", "pk": 64, "fields": {"action_time": "2024-09-05T14:54:05.498Z", "user": 1, "content_type": 10, "object_id": "14", "object_repr": "Music for beginners", "action_flag": 2, "change_message": "[{\"changed\": {\"fields\": [\"Cover image\"]}}]"}}, {"model": "admin.logentry", "pk": 65, "fields": {"action_time": "2024-09-05T14:54:51.985Z", "user": 1, "content_type": 10, "object_id": "12", "object_repr": "Introduction to programming", "action_flag": 2, "change_message": "[{\"changed\": {\"fields\": [\"Start date\"]}}]"}}, {"model": "admin.logentry", "pk": 66, "fields": {"action_time": "2024-09-05T14:55:11.187Z", "user": 1, "content_type": 10, "object_id": "12", "object_repr": "Introduction to programming", "action_flag": 2, "change_message": "[{\"changed\": {\"fields\": [\"Start date\"]}}]"}}, {"model": "admin.logentry", "pk": 67, "fields": {"action_time": "2024-09-05T14:55:42.209Z", "user": 1, "content_type": 10, "object_id": "12", "object_repr": "Introduction to programming", "action_flag": 2, "change_message": "[{\"changed\": {\"fields\": [\"Description\"]}}]"}}, {"model": "admin.logentry", "pk": 68, "fields": {"action_time": "2024-09-05T14:57:05.915Z", "user": 1, "content_type": 10, "object_id": "12", "object_repr": "Introduction to programming", "action_flag": 2, "change_message": "[{\"changed\": {\"fields\": [\"Cover image\"]}}]"}}, {"model": "admin.logentry", "pk": 69, "fields": {"action_time": "2024-09-05T15:02:13.299Z", "user": 1, "content_type": 10, "object_id": "16", "object_repr": "Mental Health", "action_flag": 1, "change_message": "[{\"added\": {}}]"}}, {"model": "admin.logentry", "pk": 70, "fields": {"action_time": "2024-09-05T15:05:50.338Z", "user": 1, "content_type": 10, "object_id": "15", "object_repr": "Yoga", "action_flag": 2, "change_message": "[{\"changed\": {\"fields\": [\"Cover image\"]}}]"}}, {"model": "admin.logentry", "pk": 71, "fields": {"action_time": "2024-09-05T15:15:11.153Z", "user": 1, "content_type": 7, "object_id": "4", "object_repr": "Art", "action_flag": 1, "change_message": "[{\"added\": {}}]"}}, {"model": "admin.logentry", "pk": 72, "fields": {"action_time": "2024-09-05T15:15:34.496Z", "user": 1, "content_type": 9, "object_id": "12", "object_repr": "Art", "action_flag": 1, "change_message": "[{\"added\": {}}]"}}, {"model": "admin.logentry", "pk": 73, "fields": {"action_time": "2024-09-05T15:15:40.956Z", "user": 1, "content_type": 9, "object_id": "13", "object_repr": "Draw", "action_flag": 1, "change_message": "[{\"added\": {}}]"}}, {"model": "admin.logentry", "pk": 74, "fields": {"action_time": "2024-09-05T15:15:54.642Z", "user": 1, "content_type": 9, "object_id": "14", "object_repr": "Expressing feelings", "action_flag": 1, "change_message": "[{\"added\": {}}]"}}, {"model": "admin.logentry", "pk": 75, "fields": {"action_time": "2024-09-05T15:16:19.943Z", "user": 1, "content_type": 10, "object_id": "17", "object_repr": "Group Art Drawing", "action_flag": 1, "change_message": "[{\"added\": {}}]"}}, {"model": "admin.logentry", "pk": 76, "fields": {"action_time": "2024-09-05T15:16:39.965Z", "user": 1, "content_type": 10, "object_id": "17", "object_repr": "Art Drawing", "action_flag": 2, "change_message": "[{\"changed\": {\"fields\": [\"Name\"]}}]"}}, {"model": "admin.logentry", "pk": 77, "fields": {"action_time": "2024-09-05T15:25:09.325Z", "user": 1, "content_type": 10, "object_id": "18", "object_repr": "Stress Management", "action_flag": 1, "change_message": "[{\"added\": {}}]"}}, {"model": "admin.logentry", "pk": 78, "fields": {"action_time": "2024-09-05T15:26:52.008Z", "user": 1, "content_type": 7, "object_id": "5", "object_repr": "Music", "action_flag": 1, "change_message": "[{\"added\": {}}]"}}, {"model": "admin.logentry", "pk": 79, "fields": {"action_time": "2024-09-05T15:27:04.564Z", "user": 1, "content_type": 10, "object_id": "14", "object_repr": "Music for beginners", "action_flag": 2, "change_message": "[{\"changed\": {\"fields\": [\"Category\"]}}]"}}, {"model": "admin.logentry", "pk": 80, "fields": {"action_time": "2024-09-05T15:28:24.904Z", "user": 1, "content_type": 10, "object_id": "17", "object_repr": "Drawing Art", "action_flag": 2, "change_message": "[{\"changed\": {\"fields\": [\"Name\"]}}]"}}, {"model": "admin.logentry", "pk": 81, "fields": {"action_time": "2024-09-05T15:39:16.826Z", "user": 1, "content_type": 4, "object_id": "2", "object_repr": "Omar_Haji", "action_flag": 2, "change_message": "[{\"changed\": {\"fields\": [\"First name\", \"Last name\", \"Email address\"]}}]"}}, {"model": "admin.logentry", "pk": 82, "fields": {"action_time": "2024-09-05T15:40:19.069Z", "user": 1, "content_type": 10, "object_id": "14", "object_repr": "Music for beginners", "action_flag": 2, "change_message": "[{\"changed\": {\"fields\": [\"Teacher\"]}}]"}}, {"model": "admin.logentry", "pk": 83, "fields": {"action_time": "2024-09-05T15:40:31.204Z", "user": 1, "content_type": 10, "object_id": "15", "object_repr": "Yoga", "action_flag": 2, "change_message": "[{\"changed\": {\"fields\": [\"Teacher\"]}}]"}}, {"model": "admin.logentry", "pk": 84, "fields": {"action_time": "2024-09-05T15:40:54.004Z", "user": 1, "content_type": 10, "object_id": "18", "object_repr": "Stress Management", "action_flag": 2, "change_message": "[{\"changed\": {\"fields\": [\"Teacher\"]}}]"}}, {"model": "admin.logentry", "pk": 85, "fields": {"action_time": "2024-09-05T15:49:15.066Z", "user": 1, "content_type": 4, "object_id": "6", "object_repr": "George", "action_flag": 2, "change_message": "[{\"changed\": {\"fields\": [\"Username\"]}}]"}}, {"model": "admin.logentry", "pk": 86, "fields": {"action_time": "2024-09-05T15:49:35.363Z", "user": 1, "content_type": 4, "object_id": "7", "object_repr": "John", "action_flag": 2, "change_message": "[{\"changed\": {\"fields\": [\"Username\"]}}]"}}, {"model": "admin.logentry", "pk": 87, "fields": {"action_time": "2024-09-05T15:49:46.115Z", "user": 1, "content_type": 4, "object_id": "5", "object_repr": "Sara", "action_flag": 2, "change_message": "[{\"changed\": {\"fields\": [\"Username\", \"First name\", \"Last name\"]}}]"}}, {"model": "admin.logentry", "pk": 88, "fields": {"action_time": "2024-09-05T15:50:20.738Z", "user": 1, "content_type": 4, "object_id": "4", "object_repr": "Mary", "action_flag": 2, "change_message": "[{\"changed\": {\"fields\": [\"Username\", \"First name\", \"Last name\"]}}]"}}, {"model": "admin.logentry", "pk": 89, "fields": {"action_time": "2024-09-05T15:50:44.262Z", "user": 1, "content_type": 4, "object_id": "3", "object_repr": "Liza", "action_flag": 2, "change_message": "[{\"changed\": {\"fields\": [\"Username\", \"First name\"]}}]"}}, {"model": "admin.logentry", "pk": 90, "fields": {"action_time": "2024-09-05T15:50:51.116Z", "user": 1, "content_type": 4, "object_id": "3", "object_repr": "Liza", "action_flag": 2, "change_message": "[{\"changed\": {\"fields\": [\"Last name\"]}}]"}}, {"model": "admin.logentry", "pk": 91, "fields": {"action_time": "2024-09-05T15:51:02.832Z", "user": 1, "content_type": 4, "object_id": "5", "object_repr": "Sara", "action_flag": 2, "change_message": "[{\"changed\": {\"fields\": [\"First name\", \"Last name\"]}}]"}}, {"model": "admin.logentry", "pk": 92, "fields": {"action_time": "2024-09-05T15:51:15.673Z", "user": 1, "content_type": 4, "object_id": "7", "object_repr": "John", "action_flag": 2, "change_message": "[{\"changed\": {\"fields\": [\"First name\", \"Last name\"]}}]"}}, {"model": "admin.logentry", "pk": 93, "fields": {"action_time": "2024-09-05T15:51:28.891Z", "user": 1, "content_type": 4, "object_id": "6", "object_repr": "George", "action_flag": 2, "change_message": "[{\"changed\": {\"fields\": [\"First name\", \"Last name\"]}}]"}}, {"model": "admin.logentry", "pk": 94, "fields": {"action_time": "2024-09-05T15:51:41.628Z", "user": 1, "content_type": 4, "object_id": "6", "object_repr": "George", "action_flag": 2, "change_message": "[{\"changed\": {\"fields\": [\"Email address\"]}}]"}}, {"model": "admin.logentry", "pk": 95, "fields": {"action_time": "2024-09-05T15:51:47.548Z", "user": 1, "content_type": 4, "object_id": "7", "object_repr": "John", "action_flag": 2, "change_message": "[{\"changed\": {\"fields\": [\"Email address\"]}}]"}}, {"model": "admin.logentry", "pk": 96, "fields": {"action_time": "2024-09-05T15:51:53.142Z", "user": 1, "content_type": 4, "object_id": "3", "object_repr": "Liza", "action_flag": 2, "change_message": "[{\"changed\": {\"fields\": [\"Email address\"]}}]"}}, {"model": "admin.logentry", "pk": 97, "fields": {"action_time": "2024-09-05T15:52:01.951Z", "user": 1, "content_type": 4, "object_id": "4", "object_repr": "Mary", "action_flag": 2, "change_message": "[{\"changed\": {\"fields\": [\"Email address\"]}}]"}}, {"model": "admin.logentry", "pk": 98, "fields": {"action_time": "2024-09-05T15:52:09.276Z", "user": 1, "content_type": 4, "object_id": "5", "object_repr": "Sara", "action_flag": 2, "change_message": "[{\"changed\": {\"fields\": [\"Email address\"]}}]"}}, {"model": "admin.logentry", "pk": 99, "fields": {"action_time": "2024-09-05T15:52:44.953Z", "user": 1, "content_type": 4, "object_id": "8", "object_repr": "Barney", "action_flag": 1, "change_message": "[{\"added\": {}}]"}}, {"model": "admin.logentry", "pk": 100, "fields": {"action_time": "2024-09-05T15:53:03.148Z", "user": 1, "content_type": 4, "object_id": "8", "object_repr": "Barney", "action_flag": 2, "change_message": "[{\"changed\": {\"fields\": [\"First name\", \"Last name\", \"Email address\"]}}]"}}, {"model": "admin.logentry", "pk": 101, "fields": {"action_time": "2024-09-05T15:54:11.964Z", "user": 1, "content_type": 17, "object_id": "7", "object_repr": "Barney enrolled in Music for beginners", "action_flag": 1, "change_message": "[{\"added\": {}}]"}}, {"model": "admin.logentry", "pk": 102, "fields": {"action_time": "2024-09-05T15:54:20.809Z", "user": 1, "content_type": 17, "object_id": "8", "object_repr": "George enrolled in Music for beginners", "action_flag": 1, "change_message": "[{\"added\": {}}]"}}, {"model": "admin.logentry", "pk": 103, "fields": {"action_time": "2024-09-05T15:54:31.045Z", "user": 1, "content_type": 17, "object_id": "9", "object_repr": "Liza enrolled in Music for beginners", "action_flag": 1, "change_message": "[{\"added\": {}}]"}}, {"model": "admin.logentry", "pk": 104, "fields": {"action_time": "2024-09-05T15:54:40.470Z", "user": 1, "content_type": 17, "object_id": "10", "object_repr": "Sara enrolled in Music for beginners", "action_flag": 1, "change_message": "[{\"added\": {}}]"}}, {"model": "admin.logentry", "pk": 105, "fields": {"action_time": "2024-09-05T15:55:22.076Z", "user": 1, "content_type": 10, "object_id": "14", "object_repr": "Music for beginners", "action_flag": 2, "change_message": "[{\"changed\": {\"fields\": [\"Start date\"]}}]"}}, {"model": "admin.logentry", "pk": 106, "fields": {"action_time": "2024-09-05T15:57:18.869Z", "user": 1, "content_type": 17, "object_id": "7", "object_repr": "Barney enrolled in Music for beginners", "action_flag": 2, "change_message": "[]"}}, {"model": "admin.logentry", "pk": 107, "fields": {"action_time": "2024-09-05T15:58:24.229Z", "user": 1, "content_type": 10, "object_id": "14", "object_repr": "Music for beginners", "action_flag": 2, "change_message": "[{\"changed\": {\"fields\": [\"Enrolled students\"]}}]"}}, {"model": "admin.logentry", "pk": 108, "fields": {"action_time": "2024-09-05T16:13:37.589Z", "user": 1, "content_type": 19, "object_id": "23", "object_repr": "John - Music Final Quiz (2024-09-05 16:13:37.585132+00:00)", "action_flag": 1, "change_message": "[{\"added\": {}}]"}}, {"model": "admin.logentry", "pk": 109, "fields": {"action_time": "2024-09-05T16:13:50.136Z", "user": 1, "content_type": 19, "object_id": "24", "object_repr": "Barney - Music Final Quiz (2024-09-05 16:13:50.135116+00:00)", "action_flag": 1, "change_message": "[{\"added\": {}}]"}}, {"model": "admin.logentry", "pk": 110, "fields": {"action_time": "2024-09-05T16:13:59.041Z", "user": 1, "content_type": 19, "object_id": "25", "object_repr": "George - Music Final Quiz (2024-09-05 16:13:59.040124+00:00)", "action_flag": 1, "change_message": "[{\"added\": {}}]"}}, {"model": "admin.logentry", "pk": 111, "fields": {"action_time": "2024-09-05T16:14:12.840Z", "user": 1, "content_type": 19, "object_id": "26", "object_repr": "Liza - Music Final Quiz (2024-09-05 16:14:12.839658+00:00)", "action_flag": 1, "change_message": "[{\"added\": {}}]"}}, {"model": "admin.logentry", "pk": 112, "fields": {"action_time": "2024-09-05T16:14:21.058Z", "user": 1, "content_type": 19, "object_id": "27", "object_repr": "Mary - Music Final Quiz (2024-09-05 16:14:21.056697+00:00)", "action_flag": 1, "change_message": "[{\"added\": {}}]"}}, {"model": "admin.logentry", "pk": 113, "fields": {"action_time": "2024-09-05T16:14:32.864Z", "user": 1, "content_type": 19, "object_id": "28", "object_repr": "Sara - Music Final Quiz (2024-09-05 16:14:32.863177+00:00)", "action_flag": 1, "change_message": "[{\"added\": {}}]"}}, {"model": "admin.logentry", "pk": 114, "fields": {"action_time": "2024-09-05T16:14:48.314Z", "user": 1, "content_type": 19, "object_id": "24", "object_repr": "Barney - Music Final Quiz (2024-09-05 16:13:50.135116+00:00)", "action_flag": 2, "change_message": "[{\"changed\": {\"fields\": [\"Score\", \"Status\"]}}]"}}, {"model": "admin.logentry", "pk": 115, "fields": {"action_time": "2024-09-05T16:15:42.187Z", "user": 1, "content_type": 19, "object_id": "23", "object_repr": "John - Music Final Quiz (2024-09-05 16:13:37.585132+00:00)", "action_flag": 3, "change_message": ""}}, {"model": "admin.logentry", "pk": 116, "fields": {"action_time": "2024-09-05T16:16:11.822Z", "user": 1, "content_type": 19, "object_id": "29", "object_repr": "John - Music Final Quiz (2024-09-05 16:15:57.535170+00:00)", "action_flag": 3, "change_message": ""}}, {"model": "auth.permission", "pk": 1, "fields": {"name": "Can add log entry", "content_type": 1, "codename": "add_logentry"}}, {"model": "auth.permission", "pk": 2, "fields": {"name": "Can change log entry", "content_type": 1, "codename": "change_logentry"}}, {"model": "auth.permission", "pk": 3, "fields": {"name": "Can delete log entry", "content_type": 1, "codename": "delete_logentry"}}, {"model": "auth.permission", "pk": 4, "fields": {"name": "Can view log entry", "content_type": 1, "codename": "view_logentry"}}, {"model": "auth.permission", "pk": 5, "fields": {"name": "Can add permission", "content_type": 2, "codename": "add_permission"}}, {"model": "auth.permission", "pk": 6, "fields": {"name": "Can change permission", "content_type": 2, "codename": "change_permission"}}, {"model": "auth.permission", "pk": 7, "fields": {"name": "Can delete permission", "content_type": 2, "codename": "delete_permission"}}, {"model": "auth.permission", "pk": 8, "fields": {"name": "Can view permission", "content_type": 2, "codename": "view_permission"}}, {"model": "auth.permission", "pk": 9, "fields": {"name": "Can add group", "content_type": 3, "codename": "add_group"}}, {"model": "auth.permission", "pk": 10, "fields": {"name": "Can change group", "content_type": 3, "codename": "change_group"}}, {"model": "auth.permission", "pk": 11, "fields": {"name": "Can delete group", "content_type": 3, "codename": "delete_group"}}, {"model": "auth.permission", "pk": 12, "fields": {"name": "Can view group", "content_type": 3, "codename": "view_group"}}, {"model": "auth.permission", "pk": 13, "fields": {"name": "Can add user", "content_type": 4, "codename": "add_user"}}, {"model": "auth.permission", "pk": 14, "fields": {"name": "Can change user", "content_type": 4, "codename": "change_user"}}, {"model": "auth.permission", "pk": 15, "fields": {"name": "Can delete user", "content_type": 4, "codename": "delete_user"}}, {"model": "auth.permission", "pk": 16, "fields": {"name": "Can view user", "content_type": 4, "codename": "view_user"}}, {"model": "auth.permission", "pk": 17, "fields": {"name": "Can add content type", "content_type": 5, "codename": "add_contenttype"}}, {"model": "auth.permission", "pk": 18, "fields": {"name": "Can change content type", "content_type": 5, "codename": "change_contenttype"}}, {"model": "auth.permission", "pk": 19, "fields": {"name": "Can delete content type", "content_type": 5, "codename": "delete_contenttype"}}, {"model": "auth.permission", "pk": 20, "fields": {"name": "Can view content type", "content_type": 5, "codename": "view_contenttype"}}, {"model": "auth.permission", "pk": 21, "fields": {"name": "Can add session", "content_type": 6, "codename": "add_session"}}, {"model": "auth.permission", "pk": 22, "fields": {"name": "Can change session", "content_type": 6, "codename": "change_session"}}, {"model": "auth.permission", "pk": 23, "fields": {"name": "Can delete session", "content_type": 6, "codename": "delete_session"}}, {"model": "auth.permission", "pk": 24, "fields": {"name": "Can view session", "content_type": 6, "codename": "view_session"}}, {"model": "auth.permission", "pk": 25, "fields": {"name": "Can add category", "content_type": 7, "codename": "add_category"}}, {"model": "auth.permission", "pk": 26, "fields": {"name": "Can change category", "content_type": 7, "codename": "change_category"}}, {"model": "auth.permission", "pk": 27, "fields": {"name": "Can delete category", "content_type": 7, "codename": "delete_category"}}, {"model": "auth.permission", "pk": 28, "fields": {"name": "Can view category", "content_type": 7, "codename": "view_category"}}, {"model": "auth.permission", "pk": 29, "fields": {"name": "Can add question", "content_type": 8, "codename": "add_question"}}, {"model": "auth.permission", "pk": 30, "fields": {"name": "Can change question", "content_type": 8, "codename": "change_question"}}, {"model": "auth.permission", "pk": 31, "fields": {"name": "Can delete question", "content_type": 8, "codename": "delete_question"}}, {"model": "auth.permission", "pk": 32, "fields": {"name": "Can view question", "content_type": 8, "codename": "view_question"}}, {"model": "auth.permission", "pk": 33, "fields": {"name": "Can add tag", "content_type": 9, "codename": "add_tag"}}, {"model": "auth.permission", "pk": 34, "fields": {"name": "Can change tag", "content_type": 9, "codename": "change_tag"}}, {"model": "auth.permission", "pk": 35, "fields": {"name": "Can delete tag", "content_type": 9, "codename": "delete_tag"}}, {"model": "auth.permission", "pk": 36, "fields": {"name": "Can view tag", "content_type": 9, "codename": "view_tag"}}, {"model": "auth.permission", "pk": 37, "fields": {"name": "Can add course", "content_type": 10, "codename": "add_course"}}, {"model": "auth.permission", "pk": 38, "fields": {"name": "Can change course", "content_type": 10, "codename": "change_course"}}, {"model": "auth.permission", "pk": 39, "fields": {"name": "Can delete course", "content_type": 10, "codename": "delete_course"}}, {"model": "auth.permission", "pk": 40, "fields": {"name": "Can view course", "content_type": 10, "codename": "view_course"}}, {"model": "auth.permission", "pk": 41, "fields": {"name": "Can add feedback", "content_type": 11, "codename": "add_feedback"}}, {"model": "auth.permission", "pk": 42, "fields": {"name": "Can change feedback", "content_type": 11, "codename": "change_feedback"}}, {"model": "auth.permission", "pk": 43, "fields": {"name": "Can delete feedback", "content_type": 11, "codename": "delete_feedback"}}, {"model": "auth.permission", "pk": 44, "fields": {"name": "Can view feedback", "content_type": 11, "codename": "view_feedback"}}, {"model": "auth.permission", "pk": 45, "fields": {"name": "Can add lesson", "content_type": 12, "codename": "add_lesson"}}, {"model": "auth.permission", "pk": 46, "fields": {"name": "Can change lesson", "content_type": 12, "codename": "change_lesson"}}, {"model": "auth.permission", "pk": 47, "fields": {"name": "Can delete lesson", "content_type": 12, "codename": "delete_lesson"}}, {"model": "auth.permission", "pk": 48, "fields": {"name": "Can view lesson", "content_type": 12, "codename": "view_lesson"}}, {"model": "auth.permission", "pk": 49, "fields": {"name": "Can add completion", "content_type": 13, "codename": "add_completion"}}, {"model": "auth.permission", "pk": 50, "fields": {"name": "Can change completion", "content_type": 13, "codename": "change_completion"}}, {"model": "auth.permission", "pk": 51, "fields": {"name": "Can delete completion", "content_type": 13, "codename": "delete_completion"}}, {"model": "auth.permission", "pk": 52, "fields": {"name": "Can view completion", "content_type": 13, "codename": "view_completion"}}, {"model": "auth.permission", "pk": 53, "fields": {"name": "Can add profile", "content_type": 14, "codename": "add_profile"}}, {"model": "auth.permission", "pk": 54, "fields": {"name": "Can change profile", "content_type": 14, "codename": "change_profile"}}, {"model": "auth.permission", "pk": 55, "fields": {"name": "Can delete profile", "content_type": 14, "codename": "delete_profile"}}, {"model": "auth.permission", "pk": 56, "fields": {"name": "Can view profile", "content_type": 14, "codename": "view_profile"}}, {"model": "auth.permission", "pk": 57, "fields": {"name": "Can add answer", "content_type": 15, "codename": "add_answer"}}, {"model": "auth.permission", "pk": 58, "fields": {"name": "Can change answer", "content_type": 15, "codename": "change_answer"}}, {"model": "auth.permission", "pk": 59, "fields": {"name": "Can delete answer", "content_type": 15, "codename": "delete_answer"}}, {"model": "auth.permission", "pk": 60, "fields": {"name": "Can view answer", "content_type": 15, "codename": "view_answer"}}, {"model": "auth.permission", "pk": 61, "fields": {"name": "Can add quiz", "content_type": 16, "codename": "add_quiz"}}, {"model": "auth.permission", "pk": 62, "fields": {"name": "Can change quiz", "content_type": 16, "codename": "change_quiz"}}, {"model": "auth.permission", "pk": 63, "fields": {"name": "Can delete quiz", "content_type": 16, "codename": "delete_quiz"}}, {"model": "auth.permission", "pk": 64, "fields": {"name": "Can view quiz", "content_type": 16, "codename": "view_quiz"}}, {"model": "auth.permission", "pk": 65, "fields": {"name": "Can add enrollment", "content_type": 17, "codename": "add_enrollment"}}, {"model": "auth.permission", "pk": 66, "fields": {"name": "Can change enrollment", "content_type": 17, "codename": "change_enrollment"}}, {"model": "auth.permission", "pk": 67, "fields": {"name": "Can delete enrollment", "content_type": 17, "codename": "delete_enrollment"}}, {"model": "auth.permission", "pk": 68, "fields": {"name": "Can view enrollment", "content_type": 17, "codename": "view_enrollment"}}, {"model": "auth.permission", "pk": 69, "fields": {"name": "Can add student answer", "content_type": 18, "codename": "add_studentanswer"}}, {"model": "auth.permission", "pk": 70, "fields": {"name": "Can change student answer", "content_type": 18, "codename": "change_studentanswer"}}, {"model": "auth.permission", "pk": 71, "fields": {"name": "Can delete student answer", "content_type": 18, "codename": "delete_studentanswer"}}, {"model": "auth.permission", "pk": 72, "fields": {"name": "Can view student answer", "content_type": 18, "codename": "view_studentanswer"}}, {"model": "auth.permission", "pk": 73, "fields": {"name": "Can add student quiz", "content_type": 19, "codename": "add_studentquiz"}}, {"model": "auth.permission", "pk": 74, "fields": {"name": "Can change student quiz", "content_type": 19, "codename": "change_studentquiz"}}, {"model": "auth.permission", "pk": 75, "fields": {"name": "Can delete student quiz", "content_type": 19, "codename": "delete_studentquiz"}}, {"model": "auth.permission", "pk": 76, "fields": {"name": "Can view student quiz", "content_type": 19, "codename": "view_studentquiz"}}, {"model": "auth.user", "pk": 1, "fields": {"password": "pbkdf2_sha256$720000$C2RKeJowOoJgxVNxZ6tgOu$FmjONlbsqmrYECpp/SoS6jKIl7Jmmj2dpc1rhYLK9yA=", "last_login": "2024-09-05T14:24:01.354Z", "is_superuser": true, "username": "admin", "first_name": "", "last_name": "", "email": "any@gmail.com", "is_staff": true, "is_active": true, "date_joined": "2024-08-23T14:51:23.620Z", "groups": [], "user_permissions": []}}, {"model": "auth.user", "pk": 2, "fields": {"password": "pbkdf2_sha256$720000$9LLXwxewntwo1CBsguarbm$0JqWEGA2qSNBS9w2ZkJkQLQlmVPsmjZrGMdoMKcCA+E=", "last_login": "2024-09-05T16:23:34.417Z", "is_superuser": false, "username": "Omar_Haji", "first_name": "Omar", "last_name": "Haji", "email": "omarhaji0002@gmail.com", "is_staff": false, "is_active": true, "date_joined": "2024-08-23T14:51:59Z", "groups": [], "user_permissions": []}}, {"model": "auth.user", "pk": 3, "fields": {"password": "pbkdf2_sha256$720000$yPZ9pu0QO0hInzhMkaL93v$1dqgMn9zL5h0q9vIb5UKyVSFbXfUw0TlXWhkQS/LPaA=", "last_login": "2024-08-30T14:55:07Z", "is_superuser": false, "username": "Liza", "first_name": "Liza", "last_name": "Doe", "email": "any3@gmail.com", "is_staff": false, "is_active": true, "date_joined": "2024-08-23T14:52:05Z", "groups": [], "user_permissions": []}}, {"model": "auth.user", "pk": 4, "fields": {"password": "pbkdf2_sha256$720000$AtVfgKoCms3X2Ysiml555r$rasXoMAzM9eNvrDtjcNxlPkoqlcQCCAqtyKEyH/CspY=", "last_login": "2024-09-05T15:32:51Z", "is_superuser": false, "username": "Mary", "first_name": "Mary", "last_name": "Doe", "email": "any4@gmail.com", "is_staff": false, "is_active": true, "date_joined": "2024-08-23T14:52:11Z", "groups": [], "user_permissions": []}}, {"model": "auth.user", "pk": 5, "fields": {"password": "pbkdf2_sha256$720000$FhLvnfU4zFegkpCTUvkVNx$oImouwOJHDtb0TnKqQ5skizK2XD/1+aMA2JW1dRGMdI=", "last_login": "2024-08-30T14:55:22Z", "is_superuser": false, "username": "Sara", "first_name": "Sara", "last_name": "Doe", "email": "any5@gmail.com", "is_staff": false, "is_active": true, "date_joined": "2024-08-24T20:08:50Z", "groups": [], "user_permissions": []}}, {"model": "auth.user", "pk": 6, "fields": {"password": "pbkdf2_sha256$720000$LH2Pq0eXp4G8phFbh3UHEA$uf3RIDo+TWvutXZX22CAFhRwJcbxPqfursFlIgu+2PU=", "last_login": "2024-08-26T20:15:58Z", "is_superuser": false, "username": "George", "first_name": "George", "last_name": "Doe", "email": "any1@gmail.com", "is_staff": false, "is_active": true, "date_joined": "2024-08-26T15:19:19Z", "groups": [], "user_permissions": []}}, {"model": "auth.user", "pk": 7, "fields": {"password": "pbkdf2_sha256$720000$UA2Ix6tKcmG5ZNdf5OImnD$WdSlGavbhXpoYaBqItX32CceAMkSH1zJUbC0skWNk1A=", "last_login": "2024-09-05T16:23:54.411Z", "is_superuser": false, "username": "John", "first_name": "John", "last_name": "Doe", "email": "any2@gmail.com", "is_staff": false, "is_active": true, "date_joined": "2024-09-05T14:25:04Z", "groups": [], "user_permissions": []}}, {"model": "auth.user", "pk": 8, "fields": {"password": "pbkdf2_sha256$720000$KcUGEgEqLMO8Vdqr1SHBGo$Nhsv85yJAqwQkNzB07KWxgwrd1hU6vGZEX8P/EI63n8=", "last_login": null, "is_superuser": false, "username": "Barney", "first_name": "Barney", "last_name": "Stinson", "email": "any6@gmail.com", "is_staff": false, "is_active": true, "date_joined": "2024-09-05T15:52:44Z", "groups": [], "user_permissions": []}}, {"model": "contenttypes.contenttype", "pk": 1, "fields": {"app_label": "admin", "model": "logentry"}}, {"model": "contenttypes.contenttype", "pk": 2, "fields": {"app_label": "auth", "model": "permission"}}, {"model": "contenttypes.contenttype", "pk": 3, "fields": {"app_label": "auth", "model": "group"}}, {"model": "contenttypes.contenttype", "pk": 4, "fields": {"app_label": "auth", "model": "user"}}, {"model": "contenttypes.contenttype", "pk": 5, "fields": {"app_label": "contenttypes", "model": "contenttype"}}, {"model": "contenttypes.contenttype", "pk": 6, "fields": {"app_label": "sessions", "model": "session"}}, {"model": "contenttypes.contenttype", "pk": 7, "fields": {"app_label": "main", "model": "category"}}, {"model": "contenttypes.contenttype", "pk": 8, "fields": {"app_label": "main", "model": "question"}}, {"model": "contenttypes.contenttype", "pk": 9, "fields": {"app_label": "main", "model": "tag"}}, {"model": "contenttypes.contenttype", "pk": 10, "fields": {"app_label": "main", "model": "course"}}, {"model": "contenttypes.contenttype", "pk": 11, "fields": {"app_label": "main", "model": "feedback"}}, {"model": "contenttypes.contenttype", "pk": 12, "fields": {"app_label": "main", "model": "lesson"}}, {"model": "contenttypes.contenttype", "pk": 13, "fields": {"app_label": "main", "model": "completion"}}, {"model": "contenttypes.contenttype", "pk": 14, "fields": {"app_label": "main", "model": "profile"}}, {"model": "contenttypes.contenttype", "pk": 15, "fields": {"app_label": "main", "model": "answer"}}, {"model": "contenttypes.contenttype", "pk": 16, "fields": {"app_label": "main", "model": "quiz"}}, {"model": "contenttypes.contenttype", "pk": 17, "fields": {"app_label": "main", "model": "enrollment"}}, {"model": "contenttypes.contenttype", "pk": 18, "fields": {"app_label": "main", "model": "studentanswer"}}, {"model": "contenttypes.contenttype", "pk": 19, "fields": {"app_label": "main", "model": "studentquiz"}}, {"model": "sessions.session", "pk": "02kv4xeis2wphzbgvs5wo7f1mugt3v7e", "fields": {"session_data": ".eJxVjE0OwiAYBe_C2hCgkhaX7j0D-X6lamhS2lXj3bVJF7p9M_M2k2FdSl6bzHlkczHBnH43BHpK3QE_oN4nS1Nd5hHtrtiDNnubWF7Xw_07KNDKtyZikQ5QMA1RAjtVT2dyINFR8AkBImvsATSwBk_e6RD6jjCRqJB5fwA6CDop:1shr7n:qg12XuHqjdEYwDNtXDRmHtvKPgPZOw5gWVM6Q-bpSUU", "expire_date": "2024-09-07T13:48:15.265Z"}}, {"model": "sessions.session", "pk": "1esv8ccec0dtf4xgupp5uzsd79t4tj26", "fields": {"session_data": ".eJxVjEEOwiAQRe_C2hAoZQCX7j0DGRhGqoYmpV0Z765NutDtf-_9l4i4rTVuvSxxInEWWpx-t4T5UdoO6I7tNss8t3WZktwVedAurzOV5-Vw_w4q9vqtzRCs0pDIGGfYMBSwmPIYGK32lhCdM27InEPR6JXyYwAAmwgtMrF4fwDUWzgM:1sjJNv:ZKckO4mzFrXDaVh9M34V6IMMh8jxOSSX6wbLCxiXGV0", "expire_date": "2024-09-11T14:10:55.514Z"}}, {"model": "sessions.session", "pk": "36q47pzgqafh0d8zq5wmlslgmsmel99o", "fields": {"session_data": ".eJxVjEEOwiAQRe_C2hAoZQCX7j0DGRhGqoYmpV0Z765NutDtf-_9l4i4rTVuvSxxInEWWpx-t4T5UdoO6I7tNss8t3WZktwVedAurzOV5-Vw_w4q9vqtzRCs0pDIGGfYMBSwmPIYGK32lhCdM27InEPR6JXyYwAAmwgtMrF4fwDUWzgM:1shwhy:sUf0n-e-y3m03Na3ZMpJ9ZLlEdJJ54tvuQDc1TEAWoo", "expire_date": "2024-09-07T19:45:58.431Z"}}, {"model": "sessions.session", "pk": "3ekcm13a702uw3cx0s1a0kxazo7krhfl", "fields": {"session_data": ".eJxVjDsOwjAQBe_iGlnrNf5R0ucM1vqHA8iW4qRC3B0ipYD2zcx7MU_bWv028uLnxC5MstPvFig-cttBulO7dR57W5c58F3hBx186ik_r4f7d1Bp1G-tMQrMAFRMCUWXKACstUJGkE4h5mzOSmBBhyY4G7U1AWRQlCwYh4q9P80xNuQ:1si0vs:jFTkFNOtVlP6_AsR5wz5fBfkudlMA1tVW6S5Z5VAO7g", "expire_date": "2024-09-08T00:16:36.341Z"}}, {"model": "sessions.session", "pk": "7lsduhylg6ml4f2vj7cij3fw6cv1glah", "fields": {"session_data": ".eJxVjE0OwiAYBe_C2hCgkhaX7j0D-X6lamhS2lXj3bVJF7p9M_M2k2FdSl6bzHlkczHBnH43BHpK3QE_oN4nS1Nd5hHtrtiDNnubWF7Xw_07KNDKtyZikQ5QMA1RAjtVT2dyINFR8AkBImvsATSwBk_e6RD6jjCRqJB5fwA6CDop:1shthG:Ehm3lkf95oCHPkgVAIw1FGDKWfUtx5PuywfMAOA3SDs", "expire_date": "2024-09-07T16:33:02.373Z"}}, {"model": "sessions.session", "pk": "7ysln0zep19l90cnup5xyvt8epqjb46b", "fields": {"session_data": ".eJxVjDsOwjAQBe_iGlm2s_5R0ucMlr27wQGUSHFSIe5OIqWA9s3Me4uUt7WmrfGSRhJX4cXldysZnzwdgB55us8S52ldxiIPRZ60yX4mft1O9--g5lb3Gok5ms5rp4LvjFeDtr7TQZMJFjA7ANwhWQesSgAkjZl0HAgYMETx-QLASzdQ:1smFH0:JqRYf6JSsOM2a_4c98xqaUqow9sEBDC4_aiHTVYuxdo", "expire_date": "2024-09-19T16:23:54.414Z"}}, {"model": "sessions.session", "pk": "aejqcd3i4st1thzdovgg1tgvq8rszvz4", "fields": {"session_data": ".eJxVjDsOwjAQBe_iGlm2s_5R0ucMlr27wQGUSHFSIe5OIqWA9s3Me4uUt7WmrfGSRhJX4cXldysZnzwdgB55us8S52ldxiIPRZ60yX4mft1O9--g5lb3Gok5ms5rp4LvjFeDtr7TQZMJFjA7ANwhWQesSgAkjZl0HAgYMETx-QLASzdQ:1smEgK:QT48hp5JDxPm9LZ-4hiqJDitttANjyvwZeGWymaTFFw", "expire_date": "2024-09-19T15:46:00.876Z"}}, {"model": "sessions.session", "pk": "brhbdob8oz9f30yq5rll1wlh9dw5m9ty", "fields": {"session_data": ".eJxVjEEOwiAQRe_C2hChDIhL956hmWEGqRpISrsy3l2bdKHb_977LzXiupRx7TKPE6uzcurwuxGmh9QN8B3rrenU6jJPpDdF77Tra2N5Xnb376BgL986oLPOeO9F8hEkMA1BOMMQOVsbyXmwiEwpWHMSoAg2M0QPAtkbx-r9AeuhOBs:1shVfN:0p6Bn4VxmbyvXdkan5dDJQOarh_v7S5dzb2dJG17vp0", "expire_date": "2024-09-06T14:53:29.537Z"}}, {"model": "sessions.session", "pk": "crrkgmtx0beyp4mldib5l9ei655cxum7", "fields": {"session_data": ".eJxVjEEOwiAQRe_C2hAoZQCX7j0DGRhGqoYmpV0Z765NutDtf-_9l4i4rTVuvSxxInEWWpx-t4T5UdoO6I7tNss8t3WZktwVedAurzOV5-Vw_w4q9vqtzRCs0pDIGGfYMBSwmPIYGK32lhCdM27InEPR6JXyYwAAmwgtMrF4fwDUWzgM:1shpNN:MqS-Wyhm00IQhJVEktFAhpt_NDW3GHREaLbUd6lpxp4", "expire_date": "2024-09-07T11:56:13.611Z"}}, {"model": "sessions.session", "pk": "i38wdi31zf9kff5fq6hnyumaylfw1jgs", "fields": {"session_data": ".eJxVjDsOwjAQBe_iGlmOydpZSnrOYK0_iwPIluKkQtydREqRtG9m3lc4WubslpYmN0ZxEyAux81TeKeygfii8qwy1DJPo5ebInfa5KPG9Lnv7ukgU8trTQFh0Mkr1Qdk8NEjGN1bRB4UIKIJbCOzhatZJQuqM6SVRtadsUDi9wfZAzcC:1shxAZ:LRgORGDUmJyqsbtzl_b9DxhT_ThhThBn0RsRmcGwVeE", "expire_date": "2024-09-07T20:15:31.809Z"}}, {"model": "sessions.session", "pk": "icrvut4ax66so52v2i4wsm4roe7rk5oa", "fields": {"session_data": ".eJxVjEEOwiAQRe_C2hAoZQCX7j0DGRhGqoYmpV0Z765NutDtf-_9l4i4rTVuvSxxInEWWpx-t4T5UdoO6I7tNss8t3WZktwVedAurzOV5-Vw_w4q9vqtzRCs0pDIGGfYMBSwmPIYGK32lhCdM27InEPR6JXyYwAAmwgtMrF4fwDUWzgM:1sjpLH:7jABDd-2_LHel-WmPpBpUudp-Cc9NzEIQU3-CkLZIIU", "expire_date": "2024-09-13T00:18:19.354Z"}}, {"model": "sessions.session", "pk": "lsqgyya69sbi11pabqfwbh1v5nunluy4", "fields": {"session_data": ".eJxVjEEOwiAQRe_C2hAoZQCX7j0DGRhGqoYmpV0Z765NutDtf-_9l4i4rTVuvSxxInEWWpx-t4T5UdoO6I7tNss8t3WZktwVedAurzOV5-Vw_w4q9vqtzRCs0pDIGGfYMBSwmPIYGK32lhCdM27InEPR6JXyYwAAmwgtMrF4fwDUWzgM:1smDOz:hy7xq8LW155BoHYawKEPQ-fQ0z3WM2MaI8MY58lfSMY", "expire_date": "2024-09-19T14:24:01.361Z"}}, {"model": "sessions.session", "pk": "rcln9sl6o3pyf26g3oujvh41imhz8x2n", "fields": {"session_data": ".eJxVjEEOwiAQRe_C2hAoZQCX7j0DGRhGqoYmpV0Z765NutDtf-_9l4i4rTVuvSxxInEWWpx-t4T5UdoO6I7tNss8t3WZktwVedAurzOV5-Vw_w4q9vqtzRCs0pDIGGfYMBSwmPIYGK32lhCdM27InEPR6JXyYwAAmwgtMrF4fwDUWzgM:1sj1gk:1aDBGzbh1B1yf-dCKgH7PxjAovC07tqni5-6cUHFANI", "expire_date": "2024-09-10T19:17:10.546Z"}}, {"model": "sessions.session", "pk": "rew6ssu8ld6pw0vyfpyuom4wqh2pwnve", "fields": {"session_data": ".eJxVjE0OwiAYBe_C2hCgkhaX7j0D-X6lamhS2lXj3bVJF7p9M_M2k2FdSl6bzHlkczHBnH43BHpK3QE_oN4nS1Nd5hHtrtiDNnubWF7Xw_07KNDKtyZikQ5QMA1RAjtVT2dyINFR8AkBImvsATSwBk_e6RD6jjCRqJB5fwA6CDop:1shVf2:c__FgnztZvA2fzyJ5SBRAxtLW8dUGjgvM7-o75Rs1PU", "expire_date": "2024-09-06T14:53:08.488Z"}}, {"model": "sessions.session", "pk": "szvvkm18lwqy7o2qgtm2pooqnzt6o0br", "fields": {"session_data": ".eJxVjDsOwjAQBe_iGlmOydpZSnrOYK0_iwPIluKkQtydREqRtG9m3lc4WubslpYmN0ZxEyAux81TeKeygfii8qwy1DJPo5ebInfa5KPG9Lnv7ukgU8trTQFh0Mkr1Qdk8NEjGN1bRB4UIKIJbCOzhatZJQuqM6SVRtadsUDi9wfZAzcC:1sihzQ:8k72fid3LjcMUq-KfSS5GnQ5MAUKLousxMjXZ0g_--g", "expire_date": "2024-09-09T22:15:08.251Z"}}, {"model": "sessions.session", "pk": "vgd07cqu1vo69ofyyqztpmutghbie5br", "fields": {"session_data": ".eJxVjEEOwiAQRe_C2hAoZQCX7j0DGRhGqoYmpV0Z765NutDtf-_9l4i4rTVuvSxxInEWWpx-t4T5UdoO6I7tNss8t3WZktwVedAurzOV5-Vw_w4q9vqtzRCs0pDIGGfYMBSwmPIYGK32lhCdM27InEPR6JXyYwAAmwgtMrF4fwDUWzgM:1sk3o4:mxZR7rZRJXv6tAL1huvRzsYxNiFsX2GglGLeMuXbzlo", "expire_date": "2024-09-13T15:45:00.778Z"}}, {"model": "sessions.session", "pk": "x1x94xxc82ax78rwxrmdsg2qkgbac9a2", "fields": {"session_data": ".eJxVjEEOwiAQRe_C2hAoZQCX7j0DGRhGqoYmpV0Z765NutDtf-_9l4i4rTVuvSxxInEWWpx-t4T5UdoO6I7tNss8t3WZktwVedAurzOV5-Vw_w4q9vqtzRCs0pDIGGfYMBSwmPIYGK32lhCdM27InEPR6JXyYwAAmwgtMrF4fwDUWzgM:1shtNx:Mo3gT1uXH56N8JPv3JeiCV924za_IWPO3RNGbVPQUjE", "expire_date": "2024-09-07T16:13:05.937Z"}}, {"model": "sessions.session", "pk": "zt7n1aj1y9lwb6vqlj2yz8c36e72bqa2", "fields": {"session_data": ".eJxVjEEOwiAQRe_C2hAoZQCX7j0DGRhGqoYmpV0Z765NutDtf-_9l4i4rTVuvSxxInEWWpx-t4T5UdoO6I7tNss8t3WZktwVedAurzOV5-Vw_w4q9vqtzRCs0pDIGGfYMBSwmPIYGK32lhCdM27InEPR6JXyYwAAmwgtMrF4fwDUWzgM:1sibbF:RZnrb7TV6v8DxkHz9Mw9WrQIc4ZCyBIKMuk0AVKaJY4", "expire_date": "2024-09-09T15:25:45.714Z"}}, {"model": "main.category", "pk": 2, "fields": {"name": "Programming", "description": "Programming", "slug": "programming"}}, {"model": "main.category", "pk": 3, "fields": {"name": "Mental Health", "description": "Mental health includes our emotional, psychological, and social well-being. It affects how we think, feel, and act. It also helps determine how we handle stress, relate to others, and make healthy choices. Mental health is important at every stage of life, from childhood and adolescence through adulthood.", "slug": "mental-health"}}, {"model": "main.category", "pk": 4, "fields": {"name": "Art", "description": "art, a visual object or experience consciously created through an expression of skill or imagination. The term art encompasses diverse media such as painting, sculpture, printmaking, drawing, decorative arts, photography, and installation.", "slug": "art"}}, {"model": "main.category", "pk": 5, "fields": {"name": "Music", "description": "an art of sound in time that expresses ideas and emotions in significant forms through the elements of rhythm, melody, harmony, and color. the tones or sounds employed, occurring in single line (melody) or multiple lines (harmony), and sounded or to be sounded by one or more voices or instruments, or both.", "slug": "music"}}, {"model": "main.tag", "pk": 1, "fields": {"name": "hello", "slug": "hello"}}, {"model": "main.tag", "pk": 2, "fields": {"name": "world", "slug": "world"}}, {"model": "main.tag", "pk": 3, "fields": {"name": "Framework", "slug": "framework"}}, {"model": "main.tag", "pk": 4, "fields": {"name": "Programming", "slug": "programming"}}, {"model": "main.tag", "pk": 6, "fields": {"name": "Psychology", "slug": "psychology"}}, {"model": "main.tag", "pk": 7, "fields": {"name": "Mental Health", "slug": "mental-health"}}, {"model": "main.tag", "pk": 8, "fields": {"name": "Music", "slug": "music"}}, {"model": "main.tag", "pk": 9, "fields": {"name": "Guitar", "slug": "guitar"}}, {"model": "main.tag", "pk": 10, "fields": {"name": "Yoga", "slug": "yoga"}}, {"model": "main.tag", "pk": 11, "fields": {"name": "Mental health sport", "slug": "mental-health-sport"}}, {"model": "main.tag", "pk": 12, "fields": {"name": "Art", "slug": "art"}}, {"model": "main.tag", "pk": 13, "fields": {"name": "Draw", "slug": "draw"}}, {"model": "main.tag", "pk": 14, "fields": {"name": "Expressing feelings", "slug": "expressing-feelings"}}, {"model": "main.course", "pk": 12, "fields": {"teacher": 3, "name": "Introduction to programming", "description": "Students will learn fundamental programming concepts such as methods, objects, conditionals, loops, arrays, command-based programming, errors, and troubleshooting. Students apply their knowledge to programming a robot that completes an obstacle course with feedback checkpoints.", "cover_image": "course_images/programmer.jpg", "open_for_registration": true, "created_at": "2024-08-25T00:22:02.132Z", "category": 2, "modality": "in_person", "price": "90.00", "duration_weeks": 2, "start_date": "2024-09-13", "tags": [4], "enrolled_students": []}}, {"model": "main.course", "pk": 14, "fields": {"teacher": 2, "name": "Music for beginners", "description": "Welcome to Music 101.  I think youve made a smart choice to spend some weeks studying some of the greatest music ever written.  Consider for a moment how quickly a hit pop song passes from fashionable to forgotten.  Those of us that have been out of high school or college more years than we care to remember have certainly had the experience of hearing a favorite anthem of our youth and thinking, Oh yeah, that song!  Id forgotten that one.  Think about that: the song was totally loved, then completely forgotten within a matter of just a few years.  Then consider that many of the composers that we will study have been dead for over two hundred years, and yet their music has never been forgotten and never stopped being performed and loved.  That, quite simply, is amazing.", "cover_image": "course_images/Guitar.jpg", "open_for_registration": true, "created_at": "2024-09-05T14:47:32.851Z", "category": 5, "modality": "in_person", "price": "300.00", "duration_weeks": 5, "start_date": "2024-09-05", "tags": [8, 9], "enrolled_students": [3, 4, 5, 6, 7, 8]}}, {"model": "main.course", "pk": 15, "fields": {"teacher": 2, "name": "Yoga", "description": "comprehensive program covering fundamental concepts of yoga, human anatomy, the scientific basis of yoga, principles of yoga therapy, and therapeutic practices for various diseases. It equips participants to apply yoga therapy in a therapeutic setting.", "cover_image": "course_images/yog.jpg", "open_for_registration": true, "created_at": "2024-09-05T14:53:57.332Z", "category": 3, "modality": "in_person", "price": "500.00", "duration_weeks": 4, "start_date": "2024-09-05", "tags": [10, 11, 6, 7], "enrolled_students": []}}, {"model": "main.course", "pk": 16, "fields": {"teacher": 1, "name": "Mental Health", "description": "This course explores a \"best practices\" approach to mental health care through learning activities that encompass grounded theory, new developments in the field, problem solving and group interaction. Learn about the philosophy and values that direct care, disorders that constitute serious and persistent mental illness, person-centered practice, facilitative communication, behaviour management, the mental health system and evidence-based practice.", "cover_image": "course_images/mental_healthy.jpeg", "open_for_registration": true, "created_at": "2024-09-05T15:02:13.291Z", "category": 3, "modality": "online", "price": "600.00", "duration_weeks": 3, "start_date": "2024-09-06", "tags": [6, 7], "enrolled_students": []}}, {"model": "main.course", "pk": 17, "fields": {"teacher": 1, "name": "Drawing Art", "description": "Students develop basic drawing skills, including the ability to perceive and express visual relationships, organize a two-dimensional composition, and depict and manipulate form, space, and light. Students work from direct observation of still life, interior space, and landscape.", "cover_image": "course_images/draw.PNG", "open_for_registration": true, "created_at": "2024-09-05T15:16:19.933Z", "category": 4, "modality": "blended", "price": "700.00", "duration_weeks": 8, "start_date": "2024-09-07", "tags": [12, 13, 14], "enrolled_students": []}}, {"model": "main.course", "pk": 18, "fields": {"teacher": 2, "name": "Stress Management", "description": "Reduce the negative impacts caused by stress and to improve a person's physical and mental well-being. Stress management may include self-care, managing one's response to stress, and making changes to one's life when in a stressful situation.", "cover_image": "course_images/stress.webp", "open_for_registration": true, "created_at": "2024-09-05T15:25:09.316Z", "category": 3, "modality": "online", "price": "300.00", "duration_weeks": 3, "start_date": "2024-09-05", "tags": [14, 7], "enrolled_students": []}}, {"model": "main.quiz", "pk": 26, "fields": {"name": "Music Final Quiz", "course": 14, "created_at": "2024-09-05T16:12:19.080Z", "updated_at": "2024-09-05T16:12:19.080Z", "excel_file": "quizzes/music_exam.xlsx", "success_threshold": 50, "duration_minutes": 30}}, {"model": "main.question", "pk": 93, "fields": {"quiz": 26, "text": "The most democratic music ever to evolve, and one which is indigenous to the United States is", "question_type": "Multiple Choice", "mark": 3}}, {"model": "main.question", "pk": 94, "fields": {"quiz": 26, "text": "All improvisation is jazz and all jazz is improvised.", "question_type": "True/False", "mark": 2}}, {"model": "main.question", "pk": 95, "fields": {"quiz": 26, "text": "The most magnetic and irresistible force among all the elements of music is", "question_type": "Multiple Choice", "mark": 3}}, {"model": "main.question", "pk": 96, "fields": {"quiz": 26, "text": "Jazz musicians use repetition and contrast to build and to give balance and symmetry to their performances.", "question_type": "True/False", "mark": 2}}, {"model": "main.answer", "pk": 277, "fields": {"question": 93, "text": "rhythm and blues", "is_correct": false}}, {"model": "main.answer", "pk": 278, "fields": {"question": 93, "text": "jazz", "is_correct": true}}, {"model": "main.answer", "pk": 279, "fields": {"question": 93, "text": "country and western", "is_correct": false}}, {"model": "main.answer", "pk": 280, "fields": {"question": 93, "text": "None of These", "is_correct": false}}, {"model": "main.answer", "pk": 281, "fields": {"question": 94, "text": "TRUE", "is_correct": false}}, {"model": "main.answer", "pk": 282, "fields": {"question": 94, "text": "FALSE", "is_correct": true}}, {"model": "main.answer", "pk": 283, "fields": {"question": 95, "text": "harmony", "is_correct": false}}, {"model": "main.answer", "pk": 284, "fields": {"question": 95, "text": "improvisation", "is_correct": false}}, {"model": "main.answer", "pk": 285, "fields": {"question": 95, "text": "melody", "is_correct": false}}, {"model": "main.answer", "pk": 286, "fields": {"question": 95, "text": "rhythm", "is_correct": true}}, {"model": "main.answer", "pk": 287, "fields": {"question": 96, "text": "TRUE", "is_correct": true}}, {"model": "main.answer", "pk": 288, "fields": {"question": 96, "text": "FALSE", "is_correct": false}}, {"model": "main.lesson", "pk": 5, "fields": {"course": 14, "name": "Introduction to the Elements of Music", "description": "<p>Before we begin our first historical periods, the Middle Ages and the Renaissance, it will be important that you become familiar with some of the basic elements of music. &nbsp;The next few readings will focus on those&nbsp;basic elements. This information is vital to your understanding of the genres and styles we&rsquo;ll be studying over the course of the semester.</p>\r\n\r\n<p>This section includes the following pages:</p>\r\n\r\n<ul>\r\n\t<li>Slideshow: The Elements of Music</li>\r\n\t<li>Slideshow: Form</li>\r\n\t<li>A Historical Approach to the Elements of Music</li>\r\n\t<li>Melody</li>\r\n\t<li>Rhythm</li>\r\n\t<li>Meter in Music</li>\r\n\t<li>Yale Lecture on Rhythm and Meter</li>\r\n\t<li>Texture</li>\r\n</ul>", "open_date": "2024-09-05", "open_time": "00:00:00"}}, {"model": "main.lesson", "pk": 6, "fields": {"course": 14, "name": "A Historical Approach to the Elements of Music", "description": "<p>While there are many different approaches to describing the building blocks of music, we often break music down into five basic elements: melody, texture, rhythm, form, and harmony. While&nbsp;it&rsquo;s true that not every piece of music contains all&nbsp;of those elements, it is very likely that every piece of music you have listened to recently does.</p>\r\n\r\n<p>Of these&nbsp;five elements, there are two that almost always come first: melody and rhythm. They are not only the two most fundamental parts of music, but they are very probably the very first components of music experienced by human beings. It is a matter of pure speculation whether the first music involved a melody being sung or a rhythm being tapped, but it is easy to imagine that these two experiences were some of the earliest human musical creations.</p>\r\n\r\n<h2>Melody</h2>\r\n\r\n<p>Let&rsquo;s&nbsp;begin our brief study of these elements with&nbsp;<em>melody</em>&mdash;not because it is more important than rhythm, but because the first music we will study in the Middle Ages will be Gregorian chant. Also known as plainsong or plainchant, Gregorian chant is a musical genre that emphasizes the element of melody, often to the exclusion of any other elements.</p>\r\n\r\n<h2>Texture</h2>\r\n\r\n<p>We will continue to let history guide our survey of musical elements by moving to&nbsp;<em>texture</em>&nbsp;next. One of the most significant musical developments was the medieval experiment of adding a new melodic line to an existing Gregorian chant melody. As you&rsquo;ll soon learn, this practice was called organum, and it introduced a new texture, known as polyphony, to the sacred music of the Middle Ages that had been dominated by the monophonic texture of plainchant.</p>\r\n\r\n<h2>Rhythm</h2>\r\n\r\n<p>As far as&nbsp;we can tell from the sparse historical record, Gregorian chant was sung without a regular beat. This gives plainchant a flowing, freedom that can be loosely described as having no rhythm. This is certainly the way we most commonly hear chant performed today. However, with the arrival of organum, it was necessary for the singers performing the two melodic lines to be able to stay together. This made a more regular beat or pulse (<em>rhythm</em>) necessary.</p>\r\n\r\n<p>Around&nbsp;the late twelfth&nbsp;century, a particular style of organum developed in the Cathedral of Notre Dame in Paris. This style&nbsp;involved holding out the notes of a Gregorian chant while a very active new melody was sung above it. To create that activity in the upper part, and to keep the two (or more) parts together, regular rhythmic patterns of short and long notes were used. This can be thought of as the beginning of an important component of rhythm: meter.</p>\r\n\r\n<h2>Form</h2>\r\n\r\n<p>Repetition, contrast, and variation&nbsp;are the&nbsp;the basic principles of form in music.&nbsp;<em>Form</em>&nbsp;refers to the way in which sections of a musical piece are organized. Form, or structure, in music becomes much more specialized and standardized in later periods of music history. However, since we are beginning with the music of the Middle Ages and Renaissance, we will stick to general concepts of form&nbsp;for now&nbsp;It wasn&rsquo;t until later periods that&nbsp;&nbsp;composers placed greater emphasis on form, so we will study particular structures later in this&nbsp;class.</p>\r\n\r\n<h2>Harmony</h2>\r\n\r\n<p>Speaking of elements that won&rsquo;t&nbsp;be covered until later in the class,&nbsp;<em>harmony</em>&nbsp;as it is most commonly taught today, is a musical element that developed in the Baroque period (1600&ndash;1750) and evolved more and more complex constructions in the Classical and Romantic eras. Since the composers of the Middle Ages and Renaissance did not think of their music in harmonic terms (major and minor keys, chords, chord progressions, etc.) we will wait until later to introduce this very significant musical element.</p>", "open_date": "2024-09-05", "open_time": "01:00:00"}}, {"model": "main.lesson", "pk": 7, "fields": {"course": 14, "name": "Melody", "description": "<p>This reading&nbsp;provides an introduction to the concept of melody in music and some of the specific melodic terms we&rsquo;ll encounter in our study of early music. Once we&rsquo;ve completed our study of the Middle Ages, Renaissance, and Baroque, we&rsquo;ll be introduced to some new melodic terms that developed in the Classical era.</p>\r\n\r\n<h2>Introduction</h2>\r\n\r\n<p>Melody is one of the most basic elements of music. On the most fundamental level, a melody consists of a series of pitches. The relationship of those pitches, in other words the contrast between higher and lower pitches and/or the repetition of the same pitch, is what we recognize as a melody or tune. Of course in Western music these pitches usually have definite durations, but we&rsquo;ll talk more about the role of duration and time in our discussion of the musical element rhythm. An important thing to remember about melody is its linear or horizontal nature. Melodies are written out in horizontal lines on the printed page, and melodies flow past our ears one note at a time like a line of cars on a street or train. While that flow of pitches is the product of sound waves that are travelling outward from their source in all directions, most listeners draw an unconscious connection between their experience of a melodic series and the experience of watching objects pass by (for example, the passage of a train &ndash; horizontal movement). This linear concept is worth remembering when we learn about harmony later. Harmony involves groups of notes or chords played together to create &ldquo;stack&rdquo; of sounds that are pleasing to the ear. Notice the vertical concept there: &ldquo;stacks&rdquo; of pitches played at the same time in harmony versus a line of pitches played one after the other in a melody. This question of horizontal and vertical is also relevant to the element of texture as texture is largely based on whether the music was woven from independent melodic lines or built on successive harmonic stacks. So while melody may seem like a very simple concept that needs little explanation, the ability to recognize the linear flow of one or more melodies can give a listener (such as a student taking a listening exam) important clues as to historical origins and stylistic categories to which that piece belongs.</p>\r\n\r\n<h2>Melodic Contour and Motion</h2>\r\n\r\n<p>A melody that stays on the same&nbsp;pitch&nbsp;too long is not very interesting to listen to. As a melody progresses, the pitches usually move up or down. This movement can happen gradually or rapidly. One can picture a line that goes up steeply when the melody suddenly jumps to a much higher note, or that goes down slowly when the melody gently falls. Such a line gives the&nbsp;contour&nbsp;or&nbsp;shape&nbsp;of the melodic line. You can often get a good idea of the shape of this line by looking at the melody as it is written on the staff, but you can also hear it as you listen to the music.</p>\r\n\r\n<p>Arch shapes (in which the melody rises and then falls) are easy to find in many melodies.</p>\r\n\r\n<p><a href=\"https://s3-us-west-2.amazonaws.com/courses-images-archive-read-only/wp-content/uploads/sites/592/2015/05/21173935/Contour.png\"><img alt=\"Line of music. Treble clef. The notes are as follows: C quarter note, C quarter note, E quarter note, G quarter note, high C three-quarters note, and A three-quarters note. The notes go up then down in an arc. \" src=\"https://s3-us-west-2.amazonaws.com/courses-images-archive-read-only/wp-content/uploads/sites/592/2015/05/21173935/Contour.png\" style=\"height:73px; width:239px\" /></a></p>\r\n\r\n<p>&nbsp;</p>\r\n\r\n<p>Figure 1. Contour</p>\r\n\r\n<p>You can also describe the shape of a melody verbally. For example, you can speak of a &ldquo;rising melody&rdquo; or of an &ldquo;arch-shaped&rdquo; phrase. Extra notes, such as trills and slides, may be added to a melodic line either by the composer or the performer to make the melody more complex and interesting. These additions are referred to as&nbsp;<strong>ornaments&nbsp;</strong>or&nbsp;<strong>embellishments</strong>.</p>\r\n\r\n<p>Another set of useful terms describe how quickly a melody goes up and down. A melody that rises and falls slowly, with only small pitch changes between one note and the next, is&nbsp;<strong>conjunct</strong>. One may also speak of such a melody in terms of&nbsp;step-wise&nbsp;or&nbsp;scalar motion, since most of the&nbsp;intervals&nbsp;in the melody are half or whole&nbsp;steps&nbsp;or are part of a&nbsp;scale.</p>\r\n\r\n<p>A melody that rises and falls quickly, with large&nbsp;intervals&nbsp;between one note and the next, is&nbsp;<strong>disjunct</strong>. One may also speak of &ldquo;leaps&rdquo; in the melody. Many melodies are a mixture of conjunct and disjunct motion.</p>\r\n\r\n<p>&nbsp;</p>\r\n\r\n<p><a href=\"https://s3-us-west-2.amazonaws.com/courses-images-archive-read-only/wp-content/uploads/sites/592/2015/05/21173936/motion.png\"><img alt=\"Figure 2. A melody may show conjunct motion, with small changes in pitch from one note to the next, or disjunct motion, with large leaps. Many melodies are an interesting, fairly balanced mixture of conjunct and disjunct motion.\" src=\"https://s3-us-west-2.amazonaws.com/courses-images-archive-read-only/wp-content/uploads/sites/592/2015/05/21173936/motion.png\" style=\"height:236px; width:428px\" /></a></p>\r\n\r\n<p>&nbsp;</p>\r\n\r\n<p>Figure 2. A melody may show conjunct motion, with small changes in pitch from one note to the next, or disjunct motion, with large leaps. Many melodies are an interesting, fairly balanced mixture of conjunct and disjunct motion.</p>\r\n\r\n<h2>Melodic Divisions</h2>\r\n\r\n<p>Melodies have always been divided smaller constituent parts. Over the course of music history the terms used to describe these shorter melodic segments have changed, especially as new genres have developed that take a different approach to melodic material. It is important not only to know these terms and what they mean, but also to understand their historical context. Students sometimes make the mistake of describing the melodic divisions of a particular historical period or genre using terms from a different period or genre. When writing to demonstrate understanding of a musical topic it is necessary to use the terms appropriate to that topic. The following examples are meant to provide a basic introduction to the terms for melodic divisions and their context that will be most helpful as we survey the periods of the Middle Ages, Renaissance, and Baroque.</p>\r\n\r\n<p>It should not come as a surprise that a genre that has been in use as long and as widely as Gregorian chant has an astonishing abundance of terms for various melodic structures. The fact that plainchant is relies so heavily on the element of melody for its composition only increases the number of melodic terms. We will not be studying chant in enough detail to need to know this extensive catalogue of melodic names, but anyone wishing a brief introduction could read the introductory paragraphs of the&nbsp;<a href=\"http://en.wikipedia.org/wiki/Gregorian_chant\" target=\"_blank\">Wikipedia article on Gregorian Chant</a>. For the purposes of our class, it will be enough to recognize that most plainchant employs conjunct motion as we won&rsquo;t delve into chant enough to need to understand its melodic divisions.</p>\r\n\r\n<p>In the Middle Ages and early Renaissance the most common method of composition was to take a pre-existing melody, a Gregorian chant or popular tune, as a foundation around which additional melodic lines were composed. The pre-existing tune was known as a&nbsp;<strong>cantus firmus</strong>, which literally means &ldquo;fixed song.&rdquo; This method suited the tastes of its day, but the use of an existing tune limited a composer&rsquo;s creative options. As the Renaissance progressed composers began to chafe at that limitation and experimented with&nbsp;<strong>imitation</strong>&nbsp;as an alternative. Imitation involved the writing of an entirely new melodic idea which was presented in one part and then successively repeated or imitated by each additional part as it entered. Each melodic idea thus imitated was called a&nbsp;<strong>point of imitation</strong>. These points of imitation were often not repeated. The composer simply continued to write new melodic material that was imitated in all parts or voices as the piece progressed.</p>\r\n\r\n<p>As we study the Baroque we will find ourselves using the term&nbsp;<strong>theme</strong>&nbsp;to refer to melodic ideas. The term theme is borrowed from the world of literature and is used in music with some of the same implications it has in writing. A theme in a story is a central idea or concept around which the entire story revolves. Likewise in music, a theme is a melodic idea that serves as a foundation for an entire piece. A theme in Baroque music, unlike the melodic ideas that were sung only once as a point of imitation in a Renaissance work, is a melody that would be heard repeatedly throughout the course of the work. In some highly structured genres, such as the fugue, elaborate rules were developed for the treatment of this central melodic idea and it was given a specific name:&nbsp;<strong>subject</strong>. The term subject is used almost exclusively in fugal composition. Important melodic ideas in other Baroque genres are most appropriately referred to as themes.</p>", "open_date": "2024-09-05", "open_time": "02:00:00"}}, {"model": "main.lesson", "pk": 8, "fields": {"course": 14, "name": "Rhythm", "description": "<p>Rhythm, melody, harmony, timbre, and texture are the essential aspects of a musical performance. They are often called the basic elements of music. The main purpose of music theory is to describe various pieces of music in terms of their similarities and differences in these elements, and music is usually grouped into genres based on similarities in all or most elements. It&rsquo;s useful, therefore, to be familiar with the terms commonly used to describe each element. Because harmony is the most highly developed aspect of Western music, music theory tends to focus almost exclusively on melody and harmony. Music does not have to have harmony, however, and some music doesn&rsquo;t even have melody. So perhaps the other three elements can be considered the most basic components of music.</p>\r\n\r\n<p>Music cannot happen without time. The placement of the sounds in time is the rhythm of a piece of music. Because music must be heard over a period of time, rhythm is one of the most basic elements of music. In some pieces of music, the rhythm is simply a &ldquo;placement in time&rdquo; that cannot be assigned a beat or meter, but most rhythm terms concern more familiar types of music with a steady beat.</p>\r\n\r\n<h2>Rhythm Terms</h2>\r\n\r\n<ul>\r\n\t<li><strong>Rhythm&mdash;</strong>The term &ldquo;rhythm&rdquo; has more than one meaning. It can mean the basic, repetitive pulse of the music, or a rhythmic pattern that is repeated throughout the music (as in &ldquo;feel the rhythm&rdquo;). It can also refer to the pattern in time of a single small group of notes (as in &ldquo;play this rhythm for me&rdquo;).</li>\r\n\t<li><strong>Beat&mdash;</strong>Beat also has more than one meaning, but always refers to music with a steady pulse. It may refer to the pulse itself (as in &ldquo;play this note on beat two of the measure&rdquo;).On the beat&nbsp;or&nbsp;on the downbeat&nbsp;refer to the moment when the pulse is strongest.&nbsp;Off the beat&nbsp;is in between pulses, and the&nbsp;upbeat&nbsp;is exactly halfway between pulses.&nbsp;Beatmay also refer to a specific repetitive rhythmic pattern that maintains the pulse (as in &ldquo;it has a Latin beat&rdquo;). Note that once a strong feeling of having a beat is established, it is not necessary for something to happen on every beat; a beat can still be &ldquo;felt&rdquo; even if it is not specifically heard.</li>\r\n\t<li><strong>Measure or bar&mdash;</strong>Beats are grouped into measures or bars. The first beat is usually the strongest, and in most music, most of the bars have the same number of beats. This sets up an underlying pattern in the pulse of the music: for example, strong-weak-strong-weak-strong-weak, or strong-weak-weak-strong-weak-weak.</li>\r\n\t<li><strong>Rhythm Section&mdash;</strong>The rhythm section of a band is the group of instruments that usually provide the background rhythm and chords. The rhythm section almost always includes a percussionist (usually on a drum set) and a bass player (usually playing a plucked string bass of some kind). It may also include a piano and/or other keyboard players, more percussionists, and one or more guitar players or other strummed or plucked strings. Vocalists, wind instruments, and bowed strings are usually not part of the rhythm section.</li>\r\n\t<li><strong>Syncopation&mdash;</strong>Syncopation occurs when a strong note happens either on a weak beat or off the beat.</li>\r\n</ul>", "open_date": "2024-09-05", "open_time": "03:00:00"}}, {"model": "main.enrollment", "pk": 5, "fields": {"course": 14, "user": 4, "date_enrolled": "2024-09-05"}}, {"model": "main.enrollment", "pk": 6, "fields": {"course": 14, "user": 7, "date_enrolled": "2024-09-05"}}, {"model": "main.enrollment", "pk": 7, "fields": {"course": 14, "user": 8, "date_enrolled": "2024-09-05"}}, {"model": "main.enrollment", "pk": 8, "fields": {"course": 14, "user": 6, "date_enrolled": "2024-09-05"}}, {"model": "main.enrollment", "pk": 9, "fields": {"course": 14, "user": 3, "date_enrolled": "2024-09-05"}}, {"model": "main.enrollment", "pk": 10, "fields": {"course": 14, "user": 5, "date_enrolled": "2024-09-05"}}, {"model": "main.completion", "pk": 9, "fields": {"lesson": 5, "student": 7}}, {"model": "main.completion", "pk": 10, "fields": {"lesson": 6, "student": 7}}, {"model": "main.completion", "pk": 11, "fields": {"lesson": 7, "student": 7}}, {"model": "main.completion", "pk": 12, "fields": {"lesson": 8, "student": 7}}, {"model": "main.profile", "pk": 1, "fields": {"user": 1, "role": "student", "address_line1": "", "address_line2": null}}, {"model": "main.profile", "pk": 2, "fields": {"user": 2, "role": "instructor", "address_line1": "Palestine", "address_line2": "Nablus"}}, {"model": "main.profile", "pk": 3, "fields": {"user": 3, "role": "instructor", "address_line1": "Jenin", "address_line2": "Kufrraee"}}, {"model": "main.profile", "pk": 4, "fields": {"user": 4, "role": "student", "address_line1": "", "address_line2": null}}, {"model": "main.profile", "pk": 5, "fields": {"user": 5, "role": "student", "address_line1": "", "address_line2": null}}, {"model": "main.profile", "pk": 6, "fields": {"user": 6, "role": "student", "address_line1": "Nablus", "address_line2": ""}}, {"model": "main.profile", "pk": 7, "fields": {"user": 7, "role": "student", "address_line1": "", "address_line2": null}}, {"model": "main.profile", "pk": 8, "fields": {"user": 8, "role": "student", "address_line1": "", "address_line2": null}}, {"model": "main.studentquiz", "pk": 24, "fields": {"student": 8, "quiz": 26, "score": 49.0, "status": "failed", "completed_at": "2024-09-05T16:13:50.135Z"}}, {"model": "main.studentquiz", "pk": 25, "fields": {"student": 6, "quiz": 26, "score": 85.0, "status": "passed", "completed_at": "2024-09-05T16:13:59.040Z"}}, {"model": "main.studentquiz", "pk": 26, "fields": {"student": 3, "quiz": 26, "score": 60.0, "status": "passed", "completed_at": "2024-09-05T16:14:12.839Z"}}, {"model": "main.studentquiz", "pk": 27, "fields": {"student": 4, "quiz": 26, "score": 95.0, "status": "passed", "completed_at": "2024-09-05T16:14:21.056Z"}}, {"model": "main.studentquiz", "pk": 28, "fields": {"student": 5, "quiz": 26, "score": 89.0, "status": "passed", "completed_at": "2024-09-05T16:14:32.863Z"}}, {"model": "main.studentquiz", "pk": 30, "fields": {"student": 7, "quiz": 26, "score": 100.0, "status": "passed", "completed_at": "2024-09-05T16:16:28.729Z"}}, {"model": "main.studentanswer", "pk": 84, "fields": {"student_quiz": 30, "question": 93, "selected_answer": 278}}, {"model": "main.studentanswer", "pk": 85, "fields": {"student_quiz": 30, "question": 94, "selected_answer": 282}}, {"model": "main.studentanswer", "pk": 86, "fields": {"student_quiz": 30, "question": 95, "selected_answer": 286}}, {"model": "main.studentanswer", "pk": 87, "fields": {"student_quiz": 30, "question": 96, "selected_answer": 287}}]
